Class,Id
2,K5PTipJ9XhUo4ZNeMW2a
1,K5qpgj7bdnhS2r30OEzY
1,K62VOEBLnk8crZ4MmsXT
1,K7ZiVIxskzvctNT0qyA3
2,K89sTRoP52wWL7rZUNdt
2,K9moual27cWIk5bJOpiH
1,KAPHdnDUgF3m5pEGwxXc
1,KB7ybYxf95pdtUoGzl3u
1,KBZ4cC3QsAgrqI80OWlm
1,KBZO3jLb5A7ieDWYTMgR
1,KBbVJcQrqAu4zROsEwi0
1,KCvj7cQ1dHEFDBruTZpV
2,KCvjZO7bGhenNRq8xLsf
2,KDHx9P6m25ocdLaqVn8k
1,KDQ13ouamdPnSlhzTRJe
1,KE3w1tc4flX7UngQ5yTq
1,KEhusGlH2O4qwTymPZRQ
1,KFBXbSr9a8mYC7cDkflH
1,KFHlYPzy0Emni9exLs3C
1,KFboDTnWNsOkzIl8rX6R
2,KFczEQCIau7D20MROmHl
1,KFlbgmf4GZjHhIsX92Yr
1,KG6ZtkgjohnTHX9McR4w
1,KGA8EhzSPqxyN9wCmeiV
1,KGPCEf430IcB1OpbthkR
1,KHc36DE5SXAedfmtq7pI
1,KHepg3qX6ZWOy2VsdRDQ
1,KHpJcA0hTf7yrBuMia3S
1,KI1eOvfhVoEsa50DLQdA
1,KI6VEf2DqSA1MwOmNkne
1,KI96FxUmuC5XiYrBOhos
1,KIBotXZz3920bRdQDx6q
1,KJAPc4qD5tMsXxkGVoe7
1,KJfPRg9v7YoDId8Tur36
1,KJrPf2Vo34EFvyHTb5ca
2,KLCJ54mcXibYSkrIowea
1,KLWS8rqmP5CaIdl9Rbwt
1,KMh2yDGU0arC9FsgfAdO
1,KNvsfthG2Pi97V6FbDCL
1,KOFjpx4N2u1EAGMIT38i
1,KOHC6vwryfx39bNpQI1W
1,KOIqk23f0eh6GBvmCJAi
1,KOnRu8zyDgf3SPZW0B5i
1,KOtPQ3YMr9VwShdCkW0G
1,KP9YUkWe0mdVXatfb3J4
1,KPDpswWqXRhCrfcSiYFU
1,KPE5wLGxWJpShlYAoMDt
2,KPpgsXuFDSJAmVCkoYEh
1,KQ8ostHL6kOBWINJ52ia
1,KQNfmuhCZVL2Tdq9P1ox
1,KQhBbnIVzkGlFsUrPpEo
1,KQhmae36WxFwJEP2dRnc
1,KR0J2r8dC7e5ylv6TBO4
1,KRESoq4MPIdhamnxB1j0
1,KRLpB4xIaHO1b6TJDguj
1,KRYaju0ftAxo8hwE2Qc7
2,KRhgA4WqikOJr5acb7v0
1,KRo3dktMBreVOTaN91ng
1,KRpbT6s1SYtq9fygWnHa
2,KRw9UFNH0EMQCDdnq36t
1,KSLyD36lVQtdGanhRrom
1,KSTcW2vhyePkXQbsz6pZ
1,KSVWC3EbRgzvAGoXIQNl
1,KT74PFsiX1OIlzna0yRJ
2,KTOYBD8s0IuAd1NWHmLg
1,KTRedlDzcCxjXfn940wM
1,KTVaHRWw8vrhGnzDg62e
1,KTdgrwnjmFp50cPYthfb
1,KTgxmy2ksDRShJInj83t
2,KTloxO2q73NngdJhIYzj
1,KTx4UZOiNonVyk5pB1vG
1,KUbR3CFx4B1wJtqrDz5j
1,KUtEoQvRpIP4gJByhmD8
1,KUvfya65MoqEk8BsuzeQ
1,KUwiIgcYGFRtq91M48CQ
1,KUzHwqAtQyVS5eNlZLdR
2,KVGdaZAHQ7Sftz3Ypgnh
1,KVN3SHdJotqFwc2REub6
1,KanJvZ3Is0X8L1G42hVj
1,Kc1MZuDl4XTwY5dBVHGO
1,Kc4SyjBQDJw2bgkFL7xW
1,KceFACkhxOnPlMqSm1u5
1,Kd12HQZcimaelnDO9EUh
1,KdNvgGqOjlb4ipZ8R9AW
1,KdPYn71UFm5JOt3gxR69
1,KeUbT8aAzGDE7YxNkWwh
1,KeY3vQyRA4qXkVfoMuhz
2,KeYSwrbd2cI6o9TkOpi4
1,Kfa8gNoHYOjXVv1A7ueB
1,Kfycqa1HbCrsp59B6wiD
1,Kg5r4wAEVMxXTNtpC9fi
1,KgIFab2pZd0huJErCLxf
1,KgTenSHvjFyEG9BV2Yur
2,KgeRjWv2mEbQUZTcMNyr
1,KhP86Nrz3fbmHCo9U0Bi
2,Khd7twRzTPgCji3v4lmS
1,KiA21gsH53xyUJldhetY
1,KiB71FlCte0Jcdh8AraW
1,KiQ6kqfNGc2HCVjuwh8X
1,KjPDpuYtB2ENFhkHfAUM
1,KjQrS08N3ROdzhm4XJID
1,KjZHu0Dl8zPBG3MarUt6
1,KjaMl5ZoxLbpeTWBcVI3
1,KjahktrDysCMB0ol2LOE
1,KjlaqWhJTyCRIzgQ5SMA
1,Kk1nsQl2bv6AVZiJRpBx
1,KlUrxFo6M430ILWRaQOq
2,KlYSULBXo4uDrgnaiMwk
1,Klmu2kvABid9GO1oWECw
1,Km8una26O7PXrf9EdiVL
1,Kn5gkb4W6Mz0rRZIoOtf
1,Kn6UXspDdgtwo7NGcSzR
1,KneDXypBEb5LSRsumkaC
2,KoDE0fpaQMG8T6RhjrSn
1,Kokva8eudpqOTnDNsrjx
1,Kp2DgSAM6PWbvdGrkFIu
1,KpQdY43VLUGNjsg8DIRP
1,KpliYqCUSnagxRjcvVLb
1,KprYJMufGvRQFEwcXai0
2,Kq1XY3dpkZTm2UtgoScH
1,Kq3jEhGVcAyRYux0NQTw
1,KqH0CMbtUPvy3627cZaG
2,KqWTGLXMICY3fVdJ0a6S
1,KqpxHbk5gIB6fWcrT1sv
1,KrCp0h6WzM5bcldA2ZfB
1,KrJgPojG2YXqD6h3OnL7
1,KrQA1qwVknXcLgp57yTd
1,KrcTptgA6adEjPs92nYw
1,KrcouBJXt9w56Rzn2kdb
1,Krd7Lf1GuY3zmlkJNOIy
1,Krg5aSOJcyb7iGBIWANE
1,Krpz1iqB3xVAU2GE4uXs
2,KrqUNhJMkID1Bdc2RjL6
1,Krwy6hx1aS0LQqtT3u9A
1,KrzCg8qa57Y9oXTWPEf2
1,Ks05u9knMy3e2tWZbE1l
1,Ks4xrBOT1nJPdXjMRqg2
2,Ksb68Q0lrSPmTfN31WFo
1,KsgxWwSi5JAO4HZ8n6bN
2,KsxtpFuP34y6Tfq8CZhc
2,Kt0Z19pPz5FfRUxV6yiv
1,Kt8YrMW1zJS0DIy6qd3o
2,KtBGrLjM4h8AdRiIO2TX
1,KtJ4TzYQBwiFRXs6f3hn
1,KtUm4swxNH8uTj5qSBQb
1,KtmUg3AlZHkzuQJNjcGp
1,KtuNMdSBr4yUDznVGl2Z
1,Kty5nCWS9GzDV1kaU3PB
1,Ktzh90q7YP6n1iITrWlk
2,Kua9GZgYNEH1QypqClm5
1,KudcN9m6YDCIh0a2ygPp
1,Kue5sQEdTZyoHim9LhCk
1,KunzSM7FAO3HJ1BTcevN
2,KvAIEM9d6tWUSo4mpj2T
1,KvEH7ZslBaYjbtWAJU3Q
1,KvMDYTb8l54PwpBRHIVf
1,KvMkqdmSIrfA5ohDgWeR
1,KvXpCYyNlHVdb748gDUZ
2,Kvr0QjcZWobCYdzfuqHN
2,KvrBA83JtpqUaQ6Cghme
1,OMECx5abUiS2Vh0f7Wp1
1,OMEr4IDn9vRTPa5zShZX
1,OMKpJDhfZY6de12IlGTH
1,OMQlpVbh6HoxyFqjZ2Ni
2,OMYV3bFzjyhgq57AIvfP
2,OMlv0QW6PpRTDy2kbLmc
1,ON6n8GRPVgmLIx9WUsvH
1,ON8HSlrcsVy2K9qWGk4z
1,ON9LAGbUnf8sDtkr2lez
1,ONCjLWzpIQ1SERk72hZv
1,ONEenLqhzQAY4iIyamXH
1,ONRFQ0rzhP1adMmx8oCK
2,ONgf7eT9UrYXWJ3m2uxq
1,ONn5mhbjlvUxpqo80cdw
1,ONsH8GZtFwyaQku5rXE6
2,OPKxEkRSrGbtcd85yW4J
1,OPRUZEv3aJoNd8rbg2Q1
2,OPZHAG5ep4tiKcLDvUT2
2,OPuG8wz7gsQoKH34lUTv
2,OQ0eVb4fEHgSp5AB3tlN
1,OQ0vdoGakqLMXfT4CKJH
1,OQ6tDkYmpbXNVvoc2FHS
1,OQ8Fm9Pa5RsKUWqrNDAE
1,OQTq1sn8YVGtuKdp2kJF
1,OQUtJv93zpmg1TDRhq8a
2,OQwsJ3Ztx2cpihS5DP8f
1,OQxAdPZpC8MJaG5TlLkF
2,OR3FlcxSZnXUwB0sY6ro
1,ORehFyPgZjk4nfdvAMIi
1,ORktwaM5vKhZ3i9L8Vfm
1,ORyNSvMKsna5dQ3fmZj4
1,OS4UbaEy10tJBvilRTsC
1,OS5DTh6qR9t7oEp2zBPw
1,OSE2q8goI7tnPhajlfKB
1,OSMJbvq9o780wngF42ri
1,OSRwkbtWLDgpEJrnd6cj
2,OSb13JhXyM6nPAg8c07r
1,OSe5rn3kMQbPJTpIdEmN
1,OSi08uFIQZGjbRNondHU
1,OSmLKapPY6J2HQecWqGl
1,OSsWwdZVQXvcamLUI1eF
1,OT1z7X8BwDQlSsE5u0Ug
1,OTJN6pevqYsgZcztWGFC
1,OTVwUuESovechJLaXsyz
1,OTWQMbSArqzdiF2UIpB1
1,OTWh1QI0k5bJDmwfuYgp
1,OTcJynKSlYAjRmVGEh4w
2,OTdXbVI8m6Urktq1M0wf
1,OTjeUIstl0hpBiLG1Pfb
1,OTrqI0huPUwVMEiNexLj
1,OU5mLHWCxJZofhAa7092
1,OUCL2gJz7wGmQ6bqxp0n
1,OURL8jxThyFM1ESq6oWc
1,OUbW4Z56BtEX1NkehqRr
1,OUrkNC0KIouHD6wW8LSi
1,OUyge3azjwBLHvRul7G9
1,OV3iNsKQW1ToZY7a48wI
2,OVJfidr8HyuSTQEhgXIb
1,OVK9U5XMZ1NGeA3knRaD
1,OVLQrDdSEuypj0CXax2h
2,OVR97bGng2Y5Mx3JKvA6
1,OVgihc814RPdBnK5CbSy
1,OVlEhDgNjrwLnCvfd6MR
1,OVuwoXTilJpbDe1L89In
1,OW2cZj0wBgaxY3VyXTuJ
1,OW4bGMlCYu7Bmr9sVP8t
1,OWEz8fJgXyQehS9Ui4rN
1,OWPwrVFSuzyt81X4pgno
1,OWshNI6Rmj57beHXGDuv
2,OWsrdYRN2vfJ7obgBX1H
1,OXCaFJsGKotNiwDIYe35
1,OXCnFVEaz6y1fcligDtY
1,OXHuCp51MtDny9JYreIS
1,OXSW0m1GKlIhtM35faRk
2,OXcqpvC49iRDLz7TwMl5
1,OXjZlSQIwr2NgmPHGkfu
1,OXrT9DgNLQ3B4oJsx5lz
1,OYJqxSB4UrjphAcv8Z7g
1,OmS2Qqg7UdrMhxs4L618
1,OmxhkpcF0L9Rsf6g4izw
1,On1c8xwuV6MD4eTjy2Qs
1,OnFpHtUV1Lgfr32kbEBZ
1,OnK0tCUaTMS9q4IexlQ2
1,OnXAylKUYqahfmpW8Fe0
1,Onqz2lkU6LxZ0EFbHgCS
1,Onsrf7Wv1zgBKx6k4tuI
1,OoATjCB6QxIHtNiShesP
1,OoPHgiUvnGpmEk6qS924
1,OoRmabqeDYPdKT5h6Afp
1,OoiUVpSlh5a0bv3dJQ62
1,OosKfSIM6kWrNRtiF9BV
1,OoyWd8N1egawxXjZbViD
1,OpSLswUWRKv085d6PZ2N
1,OpTu1gQ5P8IoB7bimtXJ
2,Opj69EPWqzf8tcFUaC3B
1,OpqoJmMv4XAWk10fiTcB
1,OpyPJ3TcrawoibKQf8S9
1,OpyhqNtuXsWjwGe6ViS7
2,Oq763JcD8sxRQIgPny0A
2,OqHy8wd4L3WXn1iDU6Vv
1,OqkQAbpodsIR5FVEKHJY
1,Or24CwkWZlJFI1acYsv3
1,Or7fwPFct63Vo8nLGyWs
1,OrAoKzRkml5v9qIUTEMN
1,OrQpEDNBtMSs9zfoFlvR
1,OrWaQtDpy6jM3SEP49Ll
1,Orcn61h2XNA0eJx4buDL
1,Org3X0u4xLpZdt2fGe7V
1,OrphdDbJSA9PUmQtXM2y
1,Os6QClvdn05471pZFIT8
1,Os6xvJ89S7CtpN2w3yuc
1,OsI2RbygDLfpvJCW9QdS
2,OsLE5xFfoQcUVgzwTu6H
1,OsLo3K0XTIreBDEn7QcM
1,OsRqdmLri0C86WxF5Bgf
1,OsjSTxPmaR5JVQf63nNX
1,Osqmk1AWQPZfFc4GtEIR
1,Ot8xybFDjNk4w7fdCQ1P
1,OtGfgw2zPo9EvLFrARmp
1,OtI8q3lXgZCmGYJ2A0HP
1,Otame3BfMXZUbDSTp9Fu
1,Ou1A5Cs6hSjYJEravXUf
1,OuCDNHRltBVZJGzv4KI8
2,OuDw8E3ZYGjQ1XtlNJF0
1,OuJ0ABnSjoiGVFaZ4Q9R
1,OuKGZQp6UNioRSbAxkIL
1,OuVZcieyHjJKXwE8gztR
1,OuYG0EjXPyv8bUslrWim
1,OuievZB8PHbr7fpNUqD4
1,OuqvDdsCTpXryLkcVKl4
1,OurYa7FDCL6NKkgyw2tT
1,Ov2zxYnUAqg04NZWm7aL
1,Ov6QuqolKUp745az9CdA
1,Ovi9IV1crS4efAJqTKWE
1,OvmcJlYeg3KtdzLNsWFP
1,OvomRGiLr45S8xXhTAJ7
1,OwETMAR9KhUlZNfH5uj6
2,OwRJYU1ikome3pq6hPXF
1,OwbLdrHWcZF8sSxX4MTf
1,OwbPXHB0uAxVaYeZd2kq
1,OwgJaEXVtz2hDNLGC7Qi
1,Owj2DLuSEHatyhNYz9Gk
1,OwnVjC6g2PpveUEWKN0Z
1,Ows7J6lT8AuUpk1YIch4
1,OwyKAPibpQtdTNCI50an
2,OxKAbQEadWmB91CjYqsi
1,OxTSB3GheRZD59Pcuwdm
1,OxWf4pd7QXD3ICm5oTAl
1,Oy2TnmcBASqlwpPaCbhs
1,OyhBFL8sT0lgJcxGQr3v
1,YO8P4gJbVs1LNkTprKoH
1,YOAEQIXZJ2LHm1StsrkD
1,YOaVNqsREeMvWtp7ulhw
1,YOwKhUMXxEF9dPC4Joia
1,YPA04OSVMyuQX21xwtJb
1,YPFupGwMCnETqHjOlkJV
1,YPHbQx3Z5Npvq7wMJtu9
1,YPWMhLKHs1qCzrcgRDk7
1,YPkht7jm5I4pzAHWOg8q
1,YPlk7X9VcxbzhinBdGmE
1,YPwLER8dBh9Z1oJWUuke
1,YQ8LdsfP7jMKxIFpuoy6
1,YQN8IulAZ3Oc4WFatvKz
2,YQPq1iJGE5h73RjlbHx9
1,YQPs69OV7eCkrmpiTxgw
1,YQWEHkg2tPFmDcUTL9av
1,YR4bV3HIwO79CMZXFDBl
1,YRQhabJ9lsSNuCf87pz1
1,YRWBaykijKd74goImHCt
1,YRXONbjQTc8FsUBkSGEW
1,YRw2GC1THzFxLo6AkUmb
1,YS45dtabuD0qN7zGsWM2
2,YS5tC0zEVlHu8cvrxWjB
1,YS6Rufw20sMWxCyOjBnK
1,YS7NAVvcCIwqhMDdTEWP
1,YSEXtLiR5bUG28fpnIvD
2,YSH03mOV95vWDQ1xEldz
1,YSNbvdWJycr3wetiUjmh
1,YSZvlEnyKRLk1eaQTsdb
2,YSnqiAE7tg4F9TBfyG5x
1,YT1i3aseymFloUWdRb89
1,YT3nAEBdFMKx2wms5eqN
2,YTQmiI9sV7lu4tnZKxf3
1,YTWyxJqtNpokci35fCZQ
1,YTbSyRxvm1CHGceAOZIQ
1,YTf3zAWgucnl6Nrv5kBV
2,YTiKWyCZRMX4wEzomSHU
2,YTyuk8VoIgmctlHUXvrs
1,YU4cOtC3vWrjw8LibmKp
1,YU7P5KAVn1Oks3xCSLDh
1,YU9DkwyQeq8EKFBu7oRp
1,YUW653eTBpQ7qmrDHJ2L
2,YUfbhTKN0ejEwJ2kis9F
1,YUvBCu3kL4XmtdpDQNs8
2,YV2pwXUSCheTytP6fuFo
1,YVFMyoxq8eKXuNzblhp1
1,YVaum6kNT3pIFtfMO4qs
1,YVqEIoAHKm79uTj16vde
2,YVxHAKtj6ODwCnr7vJqB
1,YWD9yPhM4aZGfJw7StBe
1,YWesfpQTP9GkBJuv6i34
1,YWqShwsF7ZuOdfMtm8nC
1,YXCFRc06BkDLme38Z4z7
1,YXCv2Ojbk8Q6RKUSIsxe
2,YXKFbepguc5ANJ9LoltO
1,YXb6ek4MxBNgWufLsCGA
1,YXj94eVagbFQ1E3STIxJ
1,YXjMr2dqVHTQcK6bty0Z
1,YXjPohaHMVBRUyf5smun
1,YXkgEn6TWfhd9pVuBQ3x
1,YXraQMAt9FcBz3kHxIZm
1,YXxAWwsiP4FRQjyLM6ed
1,YZfgRENb0vMWu1xSOLIF
1,YZhtFufD5oLikSmspEcy
1,YZzG1dx23hPjv08TgoWB
2,YoNzGKkxSX7TJL9avwgB
1,YoTIrSjklh7agpuP1GwR
2,YoZQOfEqGjRv2gIazsy7
1,Yob2EM5nqxel4gTFhCPd
2,YocGwjTOKhJF7LzBl8px
1,YocMpGEChUKQeaZB9W3y
1,Yp3sZl2QhExg54qLdU8K
1,Yp4FEeD0o3OmfAaQ79Uc
2,Yp7oWFnI8hTEfCBci9y6
1,YpEaqKP19RHieXgljFdI
1,YpLWiA7IBubNJMxf3wv0
1,Yq3xaE9W8SNnA6ze1Hfc
2,YqDbjskxledAyWcfOw7B
2,YqJCFGHKmbP7L8yTMusv
1,Yqsnz52vFVekMXGj0LJh
1,YqvUV0A8CalnEoTdQLSe
1,YqxZXulwi4T8k9h0MRGm
2,YqxhkuJGPA0CMlRFnLzX
1,Yr35RxfK2D1sB4PWd6QC
2,Yr3M0xfDtUvgHbdS6nkJ
1,Yr6eXlj0xgmchA4FILtE
1,YrDhFy73OuBjLJAClS9P
1,YrZ2yXde6uSztBJwoGFx
1,YrebkFlhjEXIVQG3tNys
1,Yrug9Oli2XHf5JxvMqj3
1,YrvTf0huIPSFdZsHy1jx
1,YsEtoNQy9RO7Z3peFXjd
1,YsNui9ojTGLEZvztedPM
1,YsQMGR8NCDvHIWzmy1Pj
1,YseSGfq4MptHZ6vWXkhc
1,YserZfDyFUEjdt6v3GPH
1,YslUMogFjzJBPVE5u6H0
1,Ysz2e8JMclAwRprKWPhC
1,Yt2VLNkQeDFK9xHE84qI
2,YtIAg7m1Qn59MuHNxo8d
1,YtJ209wFInd5lDvMXqNQ
2,YtRifGkIvgXZO2ero1PV
1,YtT1RXClpxNer5PfM6io
1,YtXC8zWoGbBrxLaRevdl
1,YtXqmckb6GlpfxL1vWd3
1,Ythvqw38ix59H72VapI6
1,YtsMIqGPzU8CckR0gdHT
1,YtvxK2QsXNnufyad537U
1,YuLnz9OwDU1t2ZkEMCvi
1,YuzVRMxkbKJl0cUO98Pp
1,YvHkjXCdyuAqmDMwx694
1,YvHmQ6Bj3OWrDJnFxyhg
1,YvNwRDlZGQOfnW2H8Ft7
1,YvPNFH6zsioJQDAdxytm
1,YvpzOeBSu7Tmia3wKlLf
2,YvtPighXu2kILcnowB4y
1,YvuAk3OcM1JNsfG5Xg4z
1,Yw2v8P7bRxDrH9syzqWC
1,YwG8m7htzNB52Lolj0Vf
1,YwGNt0oRAbuqm8n5HTc6
1,YwH6bo8ZQ7dUvpicOTDm
1,YwJ7XR5ADQW2vxzZlFdL
1,YwJqMNgk96niFozLlXKb
1,YwJvGBOaLZE8pChbF5Wz
1,YwMxiygGXNWvotD1cmhr
1,YwV1po8aOQ4FKt5giTIH
1,YwbD3fzyNp94aTk2HgJC
1,Ywr1o80IBlt3vjyTdECb
1,YxceLwIasfGFZH073qd8
1,YxgAi436WebwQSEHyROM
1,YxphFv2tbPA3VMHnXw4S
1,Yxpr0VdTivDuW3mJRscQ
1,YyHLVZiJ4ePnCBONfujI
2,YyZKjJ2vzhRsM79EA8wu
1,Yyct98LNMS0xIZdFOgUv
1,YyeLxbu0JUsqVo2r9MCg
1,Yyf3ot6NGO5CEb9ZXhqe
1,YyfXEPZ7cn96AHSWm5Ib
1,YyxTc9rQmOwho27IW6Vi
1,YzFbx9uay1mONlPEQKec
1,YzsGynqJwh10rTgIfCLV
1,YzswoIfGTjMBCU06amXR
1,YzuUKpLVg5B7omeX3H04
1,YzvB264FNftgo531WQdi
1,Z0BaX3luiJRNASvIUK51
1,Z0QVE6n8YRwFv7qhf3aW
2,Z0paJFjBkT2tCfDbGo4v
1,Z0x6Ah2yWI9LkVmtvDNF
1,Z1CTSoNvr5qeRg7k4PKn
1,Z1OYU2NoIVxHBhRjElk0
1,Z1cnU5v9sz2XT7ipFrby
1,Z1i5JlmGjp8P4cXFVkfd
1,Z1jFUbadEnoHPc4mzrYw
1,Z1oFTNsuqavy365GJ0hb
2,Z2CYlTq6BASr19ck7Wxe
1,Z2Lqgvd8IaT0VjNwJHkX
1,Z2dSvp6o7D3EYUMByKaF
2,Z2mEulRHYBPLUIb5ysp9
1,Z2mGPjFTCyaWNnXL8Vpz
2,k35N9Ff2T14v7URulmz6
1,k53ge1iSJsBnP2Zyx6vU
2,k5McbjYX1xOBPouD6zNF
1,k6F4jOnWJoGgHqUDIwMs
1,k8pbaijqhTFKUW0PCrEL
1,k9XzyGub2DleEaHZ5dic
2,k9YaL4RbcBTPlFeVJG5E
1,k9hbKLPlneoFTBiOWysq
1,k9jR0qgytLGaQMEv6814
2,kBvgEC8XjqmJ15wlGzNi
1,kC1v6rlGVYspQnWb4LcE
1,kC5hXWqHeafnmlFZYt8K
1,kChVuJ4xHPYBjWz26EAq
1,kCq4p9vu85HPdKmwYrQf
1,kD5xoVPaUnfEJie3BSqb
1,kD7mOzsypXe92BPjnbEJ
1,kESYlrHR7uPsmAQ15yGD
1,kErULV6zb45aPAcde0Gg
1,kFeS80wi6C4ghrZWsDzp
1,kFzcHMjhVK01fla5LZU4
1,kG04owYzu6xi5ZFNm2bA
1,kGSAgjOMfsVwpRHt86XP
1,kGW27noyvwBUJXeMQzgI
1,kGcnKw1FrlZ5iDPa4SV6
1,kHZ8QmvqJ5KdliPrshLF
2,kIitDxavgQ3S7RT5Uz6Y
1,kJCHiZQM5WpUGXa8YjmT
1,kJMF3bUKutpyOWw7Aie5
1,kK3GVSuYxfQlpAFhebE9
1,kK5cmTLBN6fo3avxDzJs
1,kKCWQRUBHXT0xPFZzviE
2,kKJfXO8eMwhHUpoLi3g6
1,kKSt1zOiFwNoH7sExBbg
1,kKZDJb86Xi7GLj9EU45F
2,kL7xoqY4CWPOcivSJRND
1,kLEO8IGfFSqozQAZ45Py
1,kMW5ph9PUlTL1zeO7v0S
1,kNX5lZbpGWL3VgO8Hrdc
2,kNaJHRoUBItgMDczQEF6
2,kNaeA1bKLyTYCiwcHRuW
1,kNfxV2T16FivMcSsypm9
2,kNoYFsePUh8uLWx7gEmz
1,kOG27VvCYUieZ8dXWKFT
1,kORPtu7LpHJ34UbcSXIs
1,kOdNEuQ4z1mVWoLxTrnP
1,kOvwHot8pFKxBZQGa9WU
1,kOyob690MWafVJQcdA4w
1,kP8Nh2GBQ1LS4wHXixWj
1,kPOWthdvoQinEmcHCYwF
1,kPvmQx1U5V3Cqbs207o8
1,kQEZGFpUlvBLMniA1PID
1,kQU8rcmHw4nX6YSv0pVg
1,kQqgyMlvcLfOdZai8wAn
2,kRJHCtPK5pWg1BITminf
1,kRhOZ1VoeTEQ5jMYdAi6
1,kRlqDFth9doJ4LeG6NaO
1,kRmF9Szy715CWrQAsgjV
1,kS4AXcLZgy08JotpBvVQ
1,kSTf8hs6Be9WGZCVIKUD
1,kSWFZNYso0xVvuQm1jXG
1,kSlXc6bPEe7qCBwdyMzs
1,kT7D3ygfAv2Zql14m5zx
1,kTflxp5CFM82owyQ4ieB
1,kTyonGtiCQvDEHS2gzsP
1,kTzD4osHwnbKvqL0h7i5
1,kU35htyKbVAWXvdwPMCN
1,kU3Wb4eEPoZQcyuH6Ki2
1,kUAFYgSqxDb05QeERMBc
2,kUCjD4cAdyZr8wv7Egti
1,kUGo8OFx4r1htl6WwgDQ
2,kUjRiq3TZG5ADePYr6hl
1,kUoRxjWqfe6CmNFTaSiX
1,kUswA1lNzX2LvRK36ITE
1,kUwA68EGXMqCZHb9TvP3
2,kV7m2ATqzusJbnQpiEv4
2,kVTwBcKP3msOZWvCEi10
1,kVZiQaHuJmBhr59eA37g
1,kVfD8qLj7pRoZ6TN3U0A
1,kVhKSC0dLt2pJNraR4lZ
1,kVmDfCPLX1xibJ5pA4BE
1,kVqFat2Ws4IKyG3QhiDB
1,kVsZ6DcoBdjhwryeMP4C
1,kVsbrSQxvLO1nMlhoeU0
1,kVvF61wHZ2rRLsmECp3K
2,kathofyZIdzYg8LiHw4F
2,kbrfdsqFnzU1CwBaDNgm
1,kc7ngdq2ZCAfiPTQX1Ov
1,kdGtRWsX5KwEOfqzeQVc
2,kedWYlqLXtZ4URpVjTKA
1,keoP0INSCfWVK8JAUtqH
1,kfJlNShP5YTmDQCnIbsz
1,kh7sCzRjDlfmLeoivaSx
1,ki5IBXOYRUDbPftZu2Fj
2,kiXUJmAB3EWldcIuTaCp
1,kir0h6ysKoMBmn1EGWXI
1,kj6KzLyvhFOUtVaIwgdY
1,kjY8x9QVn3WZd2EcHBoT
1,kjczfhuJZytUIGiYMTKO
1,kl9CO7DQgVp3qwtPdL2r
1,klG826nTQ0tibh7XKyzw
1,klPyYfR0i6hw2m87zQOd
1,klU0puwnxOFAgH4M65rN
1,klYbmsOX4UVwenuBqajp
1,kmH7l0JGpKQcu8n5AieC
1,kmHT32D4xXjCvYZlJ7rz
1,kmV03tiB4Sn8TAjDRgaM
1,kmgiCGj5SPI0RrAUpYqd
1,kmoP4dlrVeCXjWy7psb6
1,kn0Hc9E7Xyl4zmuSZGLJ
1,knOYleo3Ra7dgpTjNFUC
1,koKcTBFh6OsfeQurPdX0
1,koWBd07ltihS9Oseuy5J
1,kpu1aZPW3doQIt6cgiE0
1,kqNoEFWJcx5hg8aY9RnT
1,kqYKRLPGbS1BpNQXnEhf
1,kquK6t0MfpvBchWSj3r8
1,kqvD736GuW0ZIeBXCSJb
1,kr0zBNeyinxdgqFbSRmJ
1,kr486TFKox2JOIptcsEm
1,krJ39nKeY5WVSstqbgjF
1,krcvwaG74DVn0bY92Bo3
1,krqeHflb34U5GXFV6dKD
1,krul0tsd5GNDpL8VmQJP
1,krwph0Tsv1eMgWau5AyC
1,ks4VeDC58xPorHO3GEY2
1,ks8rpJhTM6u9gKZ5ENLF
1,ksC3pfRQgOMayInuKhB4
1,ksLDohN6CpB7zwRqZavy
1,ksLeYO8JX5wulq0GZrFx
1,ksNj7giGHFqP0bxVm1SM
1,ksghRwPpEHZKS6racFJI
1,ktFHx0q19gRTljLWJhVI
1,ktvRGp4VfdTbq1aPUrno
1,ku8Xh3ConpdVrMLFlB9E
1,kuaJeiwbSfZrgoP6OTs7
1,kucfVvahZiWw8qCIYDol
1,kuq5Vd4TQ3LRoCNAgrO9
1,kuwOYNmHAvpbTsoDCXtK
1,kv2aFJWDrdCX37RIiO4q
2,kv7uGYyxCT49MZPFlOdH
1,oMEqJA7Pvp5Cl1yOs2jD
1,oMdFE2Hqkwjb49c7yTfr
1,oMs52X19rJqZmkOdvEGu
1,oMu32EBPWFgvinOcXxeR
1,oMwcpSLf7IixPJ5G4C9K
1,oMxfL3JVZHbnuYtN2qFs
1,oN0Z4CKdTSUjBOfqizmM
1,oNGAEtCxM4nUrLPbeWiJ
1,oNLRavAZ6wG7cnUf80I4
1,oNT34HGgxJkezPFyb6t9
1,oNamculZxkM6HPzh4857
1,oNxY5KEOwedA8gp7rJ6b
1,oO2JLQS0dAfXb1g7UFNk
1,oOAJdMnZGBlCH92jIqcK
1,oOCQkNXiKeTw9s0DAmZn
1,oOE0vS9LkjZQT8hA4x6D
1,oOKXmrpVIAadYijxqD0T
1,oOKZlHinebasTI2mBGkf
1,oOSqp2fvZ8Ihu9Uwm30Q
1,oOjEtb2y463QFiDgUG8S
1,oOvcr6g74ta0zxpTVYsu
1,oP5IUMA7ekZr0OJbTz2E
1,oPAupjqizQM6dRkgWweC
2,oPOnkhZlmfiUQI6sLWTt
1,oPTUf16x8HlWvN7gQaGu
2,oPW8gbLdAE0FMtrQ2ZUx
1,oPZIeuyRWczgd8vE65rw
1,oPqG7XyDeaAWpirtwBST
1,oPreqj30bmAaX2BtZcuG
1,oQCxlOpEv50VLhWRZuSs
1,oQbv2usq3k8PlN41SDyG
1,oQgHSt3PLAfdNqwjbDBZ
2,oQzU69nXysLKEY30VhAv
1,oRDiF1Akxu6gS3JrqUdV
2,oRQ94K8xyEsV62zAeUkO
2,oRTL23XWEZKw7ljhmcrt
1,oRvMJqOaHEc0wjWkFY5A
1,oSJvMKEGgPU78ctVBek3
2,oSVZMw9qRl06TAYG5Bc4
1,oSXkwH0r1OjDh2fLQUIy
1,oSbM0HFpWtXsVZ4cqmGv
1,oShg62VZRjPksYXnpfaL
1,oSnmxtcf562hkMyAURuZ
1,oSsntOpbwiANaBg1lPrJ
1,oSvu8Lh2pzHU5A3fQjni
1,oT6fJjReLzH4FnhvIlgQ
2,oTCJkPWsQUcrKZMvH3FS
1,oTEW1crO9ugUDnxAXSCK
1,oTGAB2arEH0I6zXYunxS
1,oTaM4kJODG0HzeCpFE2j
2,oTgmUVFM6eXx9LPAN57h
2,oTiIZMpCFGNtBXE6hmA5
1,oTnIGDcaudf73ALCyVwK
1,oTsbDaNuWiQRh1pIf367
2,oU2RJbQ0g7IqdWxZXtya
1,oUVCx3pYDrbRJ5yEWlcw
1,oUktKMWyjAB9Qq6NIzFY
2,oUuWthjlYni6BQC1fqr7
1,oVIH0i4B6TmtGvQFSxnc
1,oVPKJ1U8YAlBLaxsuyqv
1,oVmxwjKnPzTsr3vkl0H1
1,oVrxK2yfgZSPIvcG9kUp
1,oVsa9Z83l2hAkrvDNHTb
2,oVzAUbChZSWTYc0wLdmO
1,oWDH7sGTfYzm4eiXgPN2
1,oWNzeJifYgPGucdm70qI
1,oWZG1Fw2cQN4bvKzmErs
2,oWa9rMjFG6Vb7ekgYwDA
2,oWtQO5VS6R9ZknDH2jMs
1,oXinjRK92r0FM5BtaZGy
1,oY7EnRfOqgeXMBK6GV04
1,oY7rxZBTQOFp4ghKNsvn
1,oYfTLVzjbkIrHg2ZWKtM
2,olYKwyugih3DMtbOf1Fd
1,olyjE0BRD8uQAzwVNcJG
2,om8eAM6VEdPGXvhULrRb
1,omL5VZOFR0is4HCUxAjE
1,omjIyDBLvV8QwqC9NFuE
1,omys765grAwUMpdR2NjX
1,on5DkeuTCI4qlrgWL9hO
1,onMROiAu1Z7h3cBkExUq
1,onOEwt4FPTYr7NvCkyG2
1,onbasFSMt0r2W9Dpqyjv
1,opFrEeZJUYhsMbPidtgN
1,opK39RWdi7f8sDQXvLHh
1,opN9XjlxFcvtDI5OwSqb
1,opZ9NJMU0YL72TheSsqC
1,ope7ThnvCRW6lKOBEg5X
1,opeylwTRWkONnFLha9Pg
1,opmQas8e6gj97KdqNlPf
2,oqKYhTaVr2UkInvxQ59O
1,oqRPWZ2ertO3n7JKgkaD
1,oqekbRlPFUEA2mGLNW5g
1,oqgLkAXm8IEj5MdZszuF
2,or2cHUm59xJtZkiF6I7X
1,or7kzZFiLMwXvc2hlt64
1,orB8FlGJk1MKPLzCS6UA
2,orCGQu8ZtTJwn6XSmOIM
1,orNSd72HBwsY0hXbLJvG
1,orWXPiSfb1j7Jwg2zvtI
1,orvM3KiYqC0UsxQgefkG
2,orwNsUMkla2BZcOR6A05
2,orypGhmAWuTiJ8zXSM3l
1,osCYyNd6ZF9Qj3tvqAOf
1,osZtRgrBfE2iP8JSj9pG
1,otBacQ4efv1ZbDM6mGzV
1,otQfMBCLA0xwpSyzd54n
1,otRunrqfELMzWTUmJX9O
2,otuJe1FdrRgXiCHVx7l9
1,ou8HNwc2LhWbKAYJ9lFp
1,ouI1xEi94vKZza6crJRQ
1,ouMkQ1OtKcFA6hmjx5P2
1,oudtgwbiRa7hl52cOxqf
1,oujQiCOrA0TnDWxBq9bf
1,oulQvRkxpwjPiThnHKG5
1,ousD4hS6qNdcF2wOx5WL
2,ouv8KRfxekbD4Hq9U6dn
2,ouzcJb1lRnT3AOtFP95q
1,ov2nCwVqDtBLg8bmJzxQ
1,ov3QTCjAqWIskZxmP0R2
1,ovEfGN2st9yYWz5gnU7H
2,ovH7kyzUOjxZd0MwAe1S
1,ovPECYukVciUBRKzh7wG
1,ovtTWAg5HepUYOc2I4Pi
1,ow1U408GA9haFKPWLZmx
1,owGEfMlXkFLb5UAZ3z6N
2,owV0Q6LuUcqCpHemTynh
2,owfTuiHc0VSON7sIDXk1
2,owsMVngPl6p0L81jqG3a
1,ox4RwpkqaSmDy8ziOUbA
1,oxTDMG3406KZ7cvLiWne
1,oxrFTnHaS4K896U3RIXd
1,oxucHC4naj6VF8tw37XT
1,oy09LwTN6QDKhqPv1Vgn
1,oyDs0xLC9WV5SMqANbnd
1,oyIAqlZV8vDHiRkL5PEe
2,yOAcge53kHL8waWFE0Tl
1,yOEoj36qUWH1eIbAhPpx
1,yOIzBkm9Sg6tLAjpZrnF
1,yOQLkRMKpSo0vDi7fCZ1
2,yOUmREbG42h3SoeF9aQ5
1,yOfbirRs3pg6TYNZza7H
1,yOoZvUSGaPqXBQuCmhg7
1,yOxYIcdzLQfZgp2mwT0E
1,yP0ZCrHNoKnDgFmfq1xe
1,yP1QjA8k4rKeEJ3lwLTi
2,yP2WCqXSpoBHuA5rEjOl
1,yP34IitqBrTUCvns6Xcu
1,yP9qs5EGcFLgKUrkZVd8
1,yPJsw8IfEFVoQdeuCL7a
1,yPKONZgdpqSBTVERiXAj
1,yPUpGHDjCBZeoFcKT2vR
1,yPVwLuW2MbhGAloY7EfB
1,yPX5qoLK8RUrnhxg7HwW
1,yPf8BTdLV6ubDIZke9CN
1,yQ1j4dpzfrihxcEka7GM
1,yQ23FI7LwMuHWo4scV6l
1,yQ4cY2TAVEKoXGRwa9WO
1,yQAf08jZlNOigESk1LGX
1,yQJlSGUPZXOcqvhgfTwM
2,yQXD4UHLleI5JojnwizE
1,yQZdcbj4ngHLuKRqEPSz
1,yQh6BNqnDjHkWPVETvzO
2,yQhegsnUax0fYKiM59jE
1,yQjLbxaUerq0wkJ6Wh3l
1,yRWShuEerGVDZmvobkJ1
2,yRdn5BKTbJtLs8mUj2Y0
2,yRhkocS7fFBswiA5986t
1,yRpaz8Ng24rQA0d6PkoU
2,yRw4sLzKgNn0fBdPqTeU
1,ySMNomWu3FVAh6jgRef5
1,ySUfxXpw4FklWruCbv9Q
1,ySVli7OGuFfq2HdjnItT
1,ySe0ZlYQpzstFMcu4VTg
1,ySp0E3ZUfKTW6zJDa7o5
2,yTCuYwVQ6FR8gtD9ZPlN
2,yTHmi1Sxj9cFgzQJuevM
1,yTQhRX6vunGkVArIKWqm
1,yTWMiksKaXPwx7gmlrYn
2,yTaHJ8LEo27IYuwNFVrC
1,yTdVbtWj5lxgzpSfoK6i
1,yTnEQYu0VehjCGPs2c3L
1,yTuz1cMSwVjRGrndKXUZ
1,yUH1Z7sJl23R604DgvPu
2,yUNBw8LjF7g5eQGoTrzW
1,yURc7gMXh2PEptx1W0O5
1,yUbiPd0nKxGjYaXfLsB9
1,yUgEWx7nchHSZ2VLsCFl
1,yUklIMuXpo0jCJarGhV8
1,yV0XgJcPZmtiEWahL8sH
1,yV9tUm06RkbE74JSBuTj
1,yVKpeJd8qkz25vnLYPoS
1,yVORd9cYMl6jvJ3pr0WQ
1,yVWc4TabPjntCL2dOFGp
1,yVjkEtIX3TUNZzLBuQJx
1,yVkBWj8GoMPHiDLrtvFg
1,yWLjzcsxMrgolkfJS9DG
1,yWNdRaZsptu5H9Lkzf1M
2,yWnDl7EzLrtZe54xuSCF
1,yWpComxgQsEri02RvkYj
1,yX8CTNaflDhqd1WKBzk6
2,yX8V3NPFl5mRIntfsb1u
2,yXAoatKFOeYMVZJI9bn7
1,yXPkYVQDT4IEdu1Cz0mf
1,yXeHxvDUNSoBF0L1Va9Q
1,yXkCHxZNqvabwBY6s4zj
1,yXp4vqS1WK97stOLkCen
1,yXt8LmRVEOec5jIg6PGo
1,yYEDBPTzGjAMWIu9cip7
1,yYLSulm6rIW9ksfUgGeq
2,yYM5Ek8Sq0m6n1fNwtLb
1,yYeacidN6H2IsrvFGp75
1,yYupf4TGNlAcBrHmVteX
2,yYvCrjXLQ4unOqS1z7cx
2,yYxOU6wenlAuZtV5mRrG
1,yZPFkqcd5L34tebUTxiv
1,yoDZU5MhBpTvtWHdqE3J
2,yoIvMlTpiG1PqE49gUKL
1,yohQligHjznt1bYI8Skc
1,yojctfs7VrvJkC583DF9
1,yos4H2RJiUC3BYcj1AZ7
2,yoswDKFW39HYj2ha6Ux5
1,yozXYNVEcgB39IjZ0nlO
1,ypDU3NY4L5Kou6r792qa
1,ypPzogqJj3vIY06WQkhM
2,ypkVSM2deJuWD9CwL0F1
1,ypoQGdID1UgknfhKCMjN
1,yqF7dHzW9mrLJ8R3C0sv
1,yqGPpJCoxuIir54Hgh6b
1,yqTA64pCHtkFVWLXKadb
1,yqfe5MbQsmTGYdBcwjAV
2,yqjLMxv7aZJVQ502nTYm
1,yquf0Qm3CtiFsV8SdXR9
1,ys06mv9LXigbwKpPq1TQ
2,ysB4UC5bYFzZtrx8Ie9O
2,ysDPAtFjU8aTqIdkvJRS
2,ysUiEOvxmLpgWZzHaKAY
1,ysjGOUESd9qDzmZx65ac
1,yspTBOh9KGkDe248WML6
1,yt8R7EupjgMxK9oPd5a1
1,ytHKgpv0IYjqVklrm6Xu
2,ytgce4jr3v0Yu5NLZa8k
2,ytvpCjWZVqbMOoc8DSIL
2,yuEMaTDgvcBjeX2QWN1P
2,yurdTSx7EkozYGnpFi4A
2,yv3qX7EFeWUVHRC4kMNt
1,yvAK9Ok0t2SPcRu7MDqN
1,yvDFC5QpzRd2JoGMO8mE
1,yvWDhY8GQ5L9ktifNE0V
1,ywUKkn6BLIvsJZPj7eES
1,ywcHqLze6gNVQRiPBWv8
1,ywzIS1QpL5qVWbjkrG4g
1,yx4vfBbePnZz0A7Ehmgu
1,yxBMDSzJFqb6lKatsEm3
1,yxi6jstMV8vOKC4GQFbZ
1,yxmESYvRXP4Jqz3ofOZd
1,yzm0ZUpXb1sCSFPj6Qw3
1,yzr0vmw9OtZAhXds5FVG
2,yzr6wSHklaOY32IgipJT
1,z0k3V4Ex9eNhbTuUSm1j
1,z0vgwlT14o8sCWQOPFSe
1,z1JLGmxTCvK6tHU53erP
1,z1UqgaRfF3J6LSWOC5t8
1,z1VOwHKUJ9pjCc3Nmngb
1,z1WgcybThKC7npPetwUX
1,z1bLGxqjgXPYJhpwFkcf
2,z1o6EI7yKgsQPLW90l2j
1,z2eX3nHMKwaTOPCm9SWs
